<?xml version="1.0" encoding="UTF-8"?>
<templates id="template" xml:space="preserve">
    <div t-name="GoogleMapView.MapView" class="o_google_map_container">
        <div class="o_google_map_view"></div>
    </div>
    <t t-name="GoogleMapView.MapViewGroupInfo">
        <ul t-if="widget.groups">
            <t t-foreach="widget.groups" t-as="group">
                <li>
                    <img t-att-src="group.marker"/>
                    <span class="title">
                        <t t-esc="group.title"/>
                    </span>
                    <span class="total">
                        <t t-esc="group.count"/>
                    </span>
                </li>
            </t>
        </ul>
    </t>
    <t t-name="GoogleMapView.buttons">
        <div class="o_list_buttons">
            <div class="o_form_marker_buttons_actions">
                <t t-if="widget.is_action_enabled('create')">
                    <button type="button" class="btn btn-primary o-map-button-new" accesskey="c">
                        <t t-esc="create_text || _t('Create')"/>
                    </button>
                </t>
                <button type="button" class="btn btn-secondary o-map-button-center-map">
                    <t t-esc="_t('Center Map')"/>
                </button>
            </div>
            <div class="o_form_marker_buttons_edit o_hidden">
                <button type="button" class="btn btn-primary o-map-button-marker-save">
                    <t t-esc="_('Save')"/>
                </button>
                <button type="button" class="btn btn-secondary o-map-button-marker-discard">
                    <t t-esc="_('Discard')"/>
                </button>
            </div>
        </div>
    </t>
    <t t-name="FormView.marker_edit_button">
        <t t-if="widget.is_action_enabled('edit')">
            <button type="button" class="btn btn-secondary o-map-button-marker-edit o_hidden">
                <t t-esc="_('Edit Geolocation')"/>
            </button>
        </t>
    </t>
</templates>
